{
  "__type__": "cc.Skeleton",
  "_name": "Skin-0",
  "_objFlags": 0,
  "_native": "",
  "_joints": [
    "RootNode/Bip001/Bip001 Pelvis/Bip001 Spine/Bip001 Neck/Bip001 Head",
    "RootNode/Bip001/Bip001 Pelvis/Bip001 Spine/Bip001 Neck",
    "RootNode/Bip001/Bip001 Pelvis/Bip001 Spine/Bip001 Neck/Bip001 R Clavicle/Bip001 R UpperArm",
    "RootNode/Bip001/Bip001 Pelvis/Bip001 Spine/Bip001 Neck/Bip001 R Clavicle/Bip001 R UpperArm/Bip001 R Forearm",
    "RootNode/Bip001/Bip001 Pelvis/Bip001 Spine/Bip001 Neck/Bip001 R Clavicle",
    "RootNode/Bip001/Bip001 Pelvis/Bip001 Spine/Bip001 Neck/Bip001 R Clavicle/Bip001 R UpperArm/Bip001 R Forearm/Bip001 R Hand",
    "RootNode/Bip001/Bip001 Pelvis/Bip001 Spine",
    "RootNode/Bip001/Bip001 Pelvis",
    "RootNode/Bip001/Bip001 Pelvis/Bip001 Spine/Bip001 Neck/Bip001 L Clavicle",
    "RootNode/Bip001",
    "RootNode/Bip001/Bip001 Pelvis/Bip001 Spine/Bip001 R Thigh",
    "RootNode/Bip001/Bip001 Pelvis/Bip001 Spine/Bip001 R Thigh/Bip001 R Calf",
    "RootNode/Bip001/Bip001 Pelvis/Bip001 Spine/Bip001 L Thigh",
    "RootNode/Bip001/Bip001 Pelvis/Bip001 Spine/Bip001 R Thigh/Bip001 R Calf/Bip001 R Foot",
    "RootNode/Bip001/Bip001 Pelvis/Bip001 Spine/Bip001 Neck/Bip001 L Clavicle/Bip001 L UpperArm",
    "RootNode/Bip001/Bip001 Pelvis/Bip001 Spine/Bip001 L Thigh/Bip001 L Calf",
    "RootNode/Bip001/Bip001 Pelvis/Bip001 Spine/Bip001 L Thigh/Bip001 L Calf/Bip001 L Foot",
    "RootNode/Bip001/Bip001 Pelvis/Bip001 Spine/Bip001 Neck/Bip001 L Clavicle/Bip001 L UpperArm/Bip001 L Forearm",
    "RootNode/Bip001/Bip001 Pelvis/Bip001 Spine/Bip001 Neck/Bip001 L Clavicle/Bip001 L UpperArm/Bip001 L Forearm/Bip001 L Hand"
  ],
  "_bindposes": [
    {
      "__type__": "cc.Mat4",
      "m00": 1.2512949902343512e-7,
      "m01": -0.00000140840358349853,
      "m02": 1.0000000932025859,
      "m03": 0,
      "m04": 0.9961947212615548,
      "m05": -0.0871544021577399,
      "m06": -2.474019539956876e-7,
      "m07": 0,
      "m08": 0.08715439050764014,
      "m09": 0.9961947212615014,
      "m10": 0.00000139213881952423,
      "m11": 0,
      "m12": -0.2403632551431656,
      "m13": 0.036223094910383224,
      "m14": 0.000454610213637352,
      "m15": 1
    },
    {
      "__type__": "cc.Mat4",
      "m00": 3.902096506454447e-7,
      "m01": -0.0000014593879654880407,
      "m02": 1.0000000932024997,
      "m03": 0,
      "m04": 0.9598046695657153,
      "m05": -0.2806688289063048,
      "m06": -7.841297833346667e-7,
      "m07": 0,
      "m08": 0.28066878230522047,
      "m09": 0.9598046695657063,
      "m10": 0.0000012912077738011531,
      "m11": 0,
      "m12": -0.20883338153362274,
      "m13": 0.08261995762586594,
      "m14": 0.0004547388816718012,
      "m15": 1
    },
    {
      "__type__": "cc.Mat4",
      "m00": -0.5733313015962015,
      "m01": 0.00011033391282339965,
      "m02": 0.819323632706591,
      "m03": 0,
      "m04": -0.8191663992940177,
      "m05": 0.019507226264253608,
      "m06": -0.5732240260473307,
      "m07": 0,
      "m08": -0.016045976390571818,
      "m09": -0.9998097733393254,
      "m10": -0.011093722545335022,
      "m11": 0,
      "m12": 0.15891213715076447,
      "m13": -0.023927658796310425,
      "m14": 0.15287519991397858,
      "m15": 1
    },
    {
      "__type__": "cc.Mat4",
      "m00": -0.5164563809497739,
      "m01": -0.24896139007293336,
      "m02": 0.8193235395039035,
      "m03": 0,
      "m04": -0.7463099259001936,
      "m05": -0.338283394067826,
      "m06": -0.5732241192499881,
      "m07": 0,
      "m08": 0.4198741519522054,
      "m09": -0.9075146255276059,
      "m10": -0.011093749486736798,
      "m11": 0,
      "m12": 0.09360785037279129,
      "m13": 0.018581336364150047,
      "m14": 0.15287521481513977,
      "m15": 1
    },
    {
      "__type__": "cc.Mat4",
      "m00": -0.9810749512535594,
      "m01": -0.0000013349385417643317,
      "m02": 0.1936286742333808,
      "m03": 0,
      "m04": -0.19037286525394884,
      "m05": -0.1826046460971127,
      "m06": -0.9645795683561156,
      "m07": 0,
      "m08": 0.035358782397748145,
      "m09": -0.9831865173759251,
      "m10": 0.1791485596375535,
      "m11": 0,
      "m12": 0.0368543416261673,
      "m13": 0.020511392503976822,
      "m14": 0.22067873179912567,
      "m15": 1
    },
    {
      "__type__": "cc.Mat4",
      "m00": -0.5164563809497739,
      "m01": 0.8191250177963579,
      "m02": 0.249613715505585,
      "m03": 0,
      "m04": -0.7463099259001936,
      "m05": -0.5734932419351747,
      "m06": 0.3378268406635384,
      "m07": 0,
      "m08": 0.4198741519522054,
      "m09": -0.011816357101628688,
      "m10": 0.9075053984914804,
      "m11": 0,
      "m12": 0.04261763393878937,
      "m13": 0.15288996696472168,
      "m14": -0.01845960132777691,
      "m15": 1
    },
    {
      "__type__": "cc.Mat4",
      "m00": -2.436883367612863e-7,
      "m01": -0.0000014245140553149388,
      "m02": 1.0000000932027133,
      "m03": 0,
      "m04": 0.9833315407353085,
      "m05": 0.18182163879030191,
      "m06": 4.986338517587092e-7,
      "m07": 0,
      "m08": -0.1818216154894089,
      "m09": 0.9833316339378636,
      "m10": 0.0000013564617155726106,
      "m11": 0,
      "m12": -0.15620990097522736,
      "m13": -0.020333293825387955,
      "m14": 0.0004544533439911902,
      "m15": 1
    },
    {
      "__type__": "cc.Mat4",
      "m00": 0.0000013924666774777051,
      "m01": 0.000002757707232706107,
      "m02": 1.000000093202574,
      "m03": 0,
      "m04": 0.9999999999997796,
      "m05": -3.83867569398385e-12,
      "m06": -0.0000013924666927464345,
      "m07": 0,
      "m08": -1.3397033454871684e-15,
      "m09": 1.0000000932027944,
      "m10": -0.000002757707232706713,
      "m11": 0,
      "m12": -0.1334422528743744,
      "m13": 0.008355172351002693,
      "m14": 0.0004546832060441375,
      "m15": 1
    },
    {
      "__type__": "cc.Mat4",
      "m00": 0.9848078409089337,
      "m01": -0.0000013598469618462226,
      "m02": 0.17364798205347445,
      "m03": 0,
      "m04": -0.17072857800363017,
      "m05": -0.18260464609710847,
      "m06": 0.9682496413003044,
      "m07": 0,
      "m08": 0.031707609920704975,
      "m09": -0.9831865173759262,
      "m10": -0.17983068229766447,
      "m11": 0,
      "m12": 0.03325666859745979,
      "m13": 0.020511390641331673,
      "m14": -0.2212243229150772,
      "m15": 1
    },
    {
      "__type__": "cc.Mat4",
      "m00": 0.0000013709069990296298,
      "m01": 1.0000000932027473,
      "m02": 5.666721566229529e-9,
      "m03": 0,
      "m04": -6.428826934663413e-15,
      "m05": -5.666725724323854e-9,
      "m06": 1.0000000000000133,
      "m07": 0,
      "m08": 1.0000000932027338,
      "m09": -0.0000013709069990296112,
      "m10": -1.3397008224324517e-15,
      "m11": 0,
      "m12": 0.008355171419680119,
      "m13": 0.0004545097181107849,
      "m14": -0.1334422528743744,
      "m15": 1
    },
    {
      "__type__": "cc.Mat4",
      "m00": -0.07894136583934686,
      "m01": -0.007329071637024558,
      "m02": -0.9968523459269264,
      "m03": 0,
      "m04": -0.9933713193760136,
      "m05": -0.08323734887820192,
      "m06": 0.07927768027421479,
      "m07": 0,
      "m08": -0.08355638631453387,
      "m09": 0.9965027557758847,
      "m10": -0.0007096189615154447,
      "m11": 0,
      "m12": 0.13025784492492676,
      "m13": 0.01928458921611309,
      "m14": -0.03081110119819641,
      "m15": 1
    },
    {
      "__type__": "cc.Mat4",
      "m00": -0.0789168009192368,
      "m01": -0.007589110546894163,
      "m02": -0.9968523459269225,
      "m03": 0,
      "m04": -0.9930918045634464,
      "m05": -0.08650881508763199,
      "m06": 0.07927768609938186,
      "m07": 0,
      "m08": -0.0868381689376112,
      "m09": 0.996222122515732,
      "m10": -0.0007096845856632228,
      "m11": 0,
      "m12": 0.06739384680986404,
      "m13": 0.019506672397255898,
      "m14": -0.03081110492348671,
      "m15": 1
    },
    {
      "__type__": "cc.Mat4",